,Random,Always_Sleep,Max_Throughput,Battery_Threshold,Smart_Heuristic,MPC_Greedy,MPC_Short_Horizon,MPC_Long_Horizon,MPC_Adaptive,PPO,Random_Wrapped,Always_Sleep_Wrapped,Max_Throughput_Wrapped,Battery_Threshold_Wrapped,Smart_Heuristic_Wrapped,MPC_Greedy_Wrapped,MPC_Short_Horizon_Wrapped,MPC_Long_Horizon_Wrapped,MPC_Adaptive_Wrapped,PPO_Wrapped
Random,1.0,1.1153580757829798e-77,1.2867088342970577e-37,7.625869050969874e-55,4.5453984713938044e-147,2.815984228765479e-18,9.57549701072453e-14,2.588080882250368e-27,1.3394828466396827e-25,3.958153279257417e-164,1.117232973190119e-06,2.29892564738229e-87,2.916630147806753e-140,3.3349299131802015e-59,3.599597504158935e-190,5.444176774685759e-85,9.460981304990523e-82,7.980030952955778e-132,6.676598024190521e-123,2.7486995326091675e-200
Always_Sleep,1.1153580757829798e-77,1.0,7.410369520261831e-67,1.1110165814870299e-104,5.400436550019522e-131,5.177911581427585e-49,1.5899207514273205e-58,9.344026692525125e-62,1.7340945498756593e-61,1.732848821040876e-152,1.744856464219128e-158,3.225964121455294e-28,3.867004179785492e-203,6.90079194017694e-115,1.7900832718366792e-217,1.1256792075943575e-141,1.653093645674475e-201,2.048051972676194e-207,5.1996905754259515e-200,8.873145391839231e-237
Max_Throughput,1.2867088342970577e-37,7.410369520261831e-67,1.0,0.04464995508047575,1.0832964622509804e-97,9.4064455231941e-07,7.177122280966402e-16,0.0004142334654338532,2.6671546469165918e-05,3.1127367483008003e-108,2.618132701878475e-45,3.315231707972732e-70,3.1375329996531646e-07,0.015573598982377064,3.9215369473220645e-112,0.7058382405306751,7.217677200572145e-08,0.020693827876314484,0.21463558558567616,4.2357104239541455e-116
Battery_Threshold,7.625869050969874e-55,1.1110165814870299e-104,0.04464995508047575,1.0,2.0488291302026437e-143,8.990353404777879e-05,1.4757622054457984e-16,0.030298362929790913,0.0026200907096541283,1.8396814804349515e-155,1.9987909291776273e-70,3.2471147750784e-109,3.4876118184790385e-23,0.6226472143529422,1.486854848202956e-163,0.0007207929280049364,1.4029765805731854e-06,8.453020435700576e-11,5.562258231520104e-07,9.352900794607391e-169
Smart_Heuristic,4.5453984713938044e-147,5.400436550019522e-131,1.0832964622509804e-97,2.0488291302026437e-143,1.0,1.5601743264365062e-85,7.462749825414099e-107,1.885421274041506e-98,1.2185573925817038e-99,1.492351302639109e-17,4.447136703016356e-184,6.123968708324338e-111,1.421531477964345e-227,2.4350584781030835e-154,8.286202846135114e-31,1.959784912818743e-176,1.2369854648690894e-225,1.5325702090883875e-231,6.811045669185968e-226,5.942085861688697e-47
MPC_Greedy,2.815984228765479e-18,5.177911581427585e-49,9.4064455231941e-07,8.990353404777879e-05,1.5601743264365062e-85,1.0,0.002151718836061177,0.10433306602040494,0.32663438101699616,4.5103978107264784e-98,2.1569760484652577e-25,6.500395871851307e-53,2.64177437131336e-31,0.00025505783720239855,6.680329847084292e-103,1.9130574389460848e-11,0.31900593558619544,5.718510467254349e-20,6.45501466053139e-16,1.1506852489097046e-107
MPC_Short_Horizon,9.57549701072453e-14,1.5899207514273205e-58,7.177122280966402e-16,1.4757622054457984e-16,7.462749825414099e-107,0.002151718836061177,1.0,6.142022243191671e-07,1.2811328519481778e-05,4.6945136697554804e-122,1.0603775124637631e-23,5.2267363935255e-64,2.670913375628862e-66,1.996336013677568e-16,1.23427094538359e-130,1.463051176255138e-31,5.076336849111635e-10,3.6096731831464714e-51,3.514247861714588e-44,7.096398034361401e-137
MPC_Long_Horizon,2.588080882250368e-27,9.344026692525125e-62,0.0004142334654338532,0.030298362929790913,1.885421274041506e-98,0.10433306602040494,6.142022243191671e-07,1.0,0.48780987397930897,9.83101481061382e-111,5.003803710158107e-36,8.876772665491004e-66,9.692535532868354e-25,0.06653009179557483,6.850561444582977e-116,4.769357644220009e-07,0.22779944941209182,5.0512378433986247e-14,1.8328998210145944e-10,1.2782162874441569e-120
MPC_Adaptive,1.3394828466396827e-25,1.7340945498756593e-61,2.6671546469165918e-05,0.0026200907096541283,1.2185573925817038e-99,0.32663438101699616,1.2811328519481778e-05,0.48780987397930897,1.0,2.554943093502447e-112,1.3274508320833856e-34,1.0968504559830214e-65,1.3799116345377714e-29,0.0068381046024047765,7.561881180379923e-118,2.264686764677685e-09,0.7616924320724118,7.973892790853577e-18,1.0431094263476982e-13,9.151088125770847e-123
PPO,3.958153279257417e-164,1.732848821040876e-152,3.1127367483008003e-108,1.8396814804349515e-155,1.492351302639109e-17,4.5103978107264784e-98,4.6945136697554804e-122,9.83101481061382e-111,2.554943093502447e-112,1.0,1.8667885025143826e-195,8.202927851309301e-137,4.63746323861774e-235,2.33265886901136e-166,0.10424738771861998,5.022893849329886e-187,4.452515563130019e-233,7.564649786828601e-239,1.1692228232693028e-233,8.490089947164395e-07
Random_Wrapped,1.117232973190119e-06,1.744856464219128e-158,2.618132701878475e-45,1.9987909291776273e-70,4.447136703016356e-184,2.1569760484652577e-25,1.0603775124637631e-23,5.003803710158107e-36,1.3274508320833856e-34,1.8667885025143826e-195,1.0,5.848355623015532e-158,4.088331992344644e-168,2.047962439206562e-77,1.4706477093833154e-248,1.413343874675279e-105,7.3329638794261295e-134,3.9585876406110244e-166,3.262100716314089e-157,1.4847028523121423e-262
Always_Sleep_Wrapped,2.29892564738229e-87,3.225964121455294e-28,3.315231707972732e-70,3.2471147750784e-109,6.123968708324338e-111,6.500395871851307e-53,5.2267363935255e-64,8.876772665491004e-66,1.0968504559830214e-65,8.202927851309301e-137,5.848355623015532e-158,1.0,4.070702310695343e-206,1.3732316001786692e-119,9.082373352450169e-195,7.662254198690006e-146,1.4351126761595684e-204,2.0467317320023472e-210,3.0572659560606074e-203,7.64194769091681e-214
Max_Throughput_Wrapped,2.916630147806753e-140,3.867004179785492e-203,3.1375329996531646e-07,3.4876118184790385e-23,1.421531477964345e-227,2.64177437131336e-31,2.670913375628862e-66,9.692535532868354e-25,1.3799116345377714e-29,4.63746323861774e-235,4.088331992344644e-168,4.070702310695343e-206,1.0,4.365063043849185e-28,1.3203995726964772e-248,2.776595207604216e-13,9.283197364217343e-72,6.364786767027177e-08,3.9726182207015445e-13,1.3409774151463215e-253
Battery_Threshold_Wrapped,3.3349299131802015e-59,6.90079194017694e-115,0.015573598982377064,0.6226472143529422,2.4350584781030835e-154,0.00025505783720239855,1.996336013677568e-16,0.06653009179557483,0.0068381046024047765,2.33265886901136e-166,2.047962439206562e-77,1.3732316001786692e-119,4.365063043849185e-28,1.0,7.161843625918124e-176,4.2326451214782146e-05,3.890543790973696e-06,5.558719577911199e-14,2.6095442310147973e-09,2.425538780886006e-181
Smart_Heuristic_Wrapped,3.599597504158935e-190,1.7900832718366792e-217,3.9215369473220645e-112,1.486854848202956e-163,8.286202846135114e-31,6.680329847084292e-103,1.23427094538359e-130,6.850561444582977e-116,7.561881180379923e-118,0.10424738771861998,1.4706477093833154e-248,9.082373352450169e-195,1.3203995726964772e-248,7.161843625918124e-176,1.0,3.7666482099384215e-197,6.161507493838071e-261,8.211689578877787e-256,1.0636912548905134e-250,2.662487406164636e-05
MPC_Greedy_Wrapped,5.444176774685759e-85,1.1256792075943575e-141,0.7058382405306751,0.0007207929280049364,1.959784912818743e-176,1.9130574389460848e-11,1.463051176255138e-31,4.769357644220009e-07,2.264686764677685e-09,5.022893849329886e-187,1.413343874675279e-105,7.662254198690006e-146,2.776595207604216e-13,4.2326451214782146e-05,3.7666482099384215e-197,1.0,5.593756949013021e-22,0.001899002707970605,0.1714174242977062,2.4717859120683895e-202
MPC_Short_Horizon_Wrapped,9.460981304990523e-82,1.653093645674475e-201,7.217677200572145e-08,1.4029765805731854e-06,1.2369854648690894e-225,0.31900593558619544,5.076336849111635e-10,0.22779944941209182,0.7616924320724118,4.452515563130019e-233,7.3329638794261295e-134,1.4351126761595684e-204,9.283197364217343e-72,3.890543790973696e-06,6.161507493838071e-261,5.593756949013021e-22,1.0,1.1013400924776892e-52,5.070502104579868e-42,8.846632068297422e-269
MPC_Long_Horizon_Wrapped,7.980030952955778e-132,2.048051972676194e-207,0.020693827876314484,8.453020435700576e-11,1.5325702090883875e-231,5.718510467254349e-20,3.6096731831464714e-51,5.0512378433986247e-14,7.973892790853577e-18,7.564649786828601e-239,3.9585876406110244e-166,2.0467317320023472e-210,6.364786767027177e-08,5.558719577911199e-14,8.211689578877787e-256,0.001899002707970605,1.1013400924776892e-52,1.0,0.031169076117772723,1.926487943335307e-261
MPC_Adaptive_Wrapped,6.676598024190521e-123,5.1996905754259515e-200,0.21463558558567616,5.562258231520104e-07,6.811045669185968e-226,6.45501466053139e-16,3.514247861714588e-44,1.8328998210145944e-10,1.0431094263476982e-13,1.1692228232693028e-233,3.262100716314089e-157,3.0572659560606074e-203,3.9726182207015445e-13,2.6095442310147973e-09,1.0636912548905134e-250,0.1714174242977062,5.070502104579868e-42,0.031169076117772723,1.0,1.7964549189612726e-256
PPO_Wrapped,2.7486995326091675e-200,8.873145391839231e-237,4.2357104239541455e-116,9.352900794607391e-169,5.942085861688697e-47,1.1506852489097046e-107,7.096398034361401e-137,1.2782162874441569e-120,9.151088125770847e-123,8.490089947164395e-07,1.4847028523121423e-262,7.64194769091681e-214,1.3409774151463215e-253,2.425538780886006e-181,2.662487406164636e-05,2.4717859120683895e-202,8.846632068297422e-269,1.926487943335307e-261,1.7964549189612726e-256,1.0
