,Random,Always_Sleep,Max_Throughput,Battery_Threshold,Smart_Heuristic,PPO,Random_Wrapped,Always_Sleep_Wrapped,Max_Throughput_Wrapped,Battery_Threshold_Wrapped,Smart_Heuristic_Wrapped,PPO_Wrapped
Random,1.0,6.699861011723437e-35,2.3860893199349858e-18,2.4864229356937178e-29,5.772882263964572e-40,3.9589212593071823e-78,0.5745795325063573,1.1852674523817181e-39,8.579833596056367e-70,2.179158866957073e-31,2.952865780152995e-50,9.681918400422907e-94
Always_Sleep,6.699861011723437e-35,1.0,1.661173802750968e-33,3.126971937749548e-56,1.4937022378876837e-18,5.417782173937493e-77,2.4193303134466914e-106,4.5484220200098634e-15,1.6837869189139652e-103,1.7807292182137254e-60,9.58381398834308e-57,2.5071854334477562e-118
Max_Throughput,2.3860893199349858e-18,1.661173802750968e-33,1.0,0.37188276889818683,2.9123907196984887e-35,6.300231760776308e-54,5.459666894026764e-20,3.102386523054131e-35,2.045331071901699e-05,0.3279230289960181,1.0614998822395221e-38,7.264166650492035e-58
Battery_Threshold,2.4864229356937178e-29,3.126971937749548e-56,0.37188276889818683,1.0,1.2528389484732161e-58,7.841783723316488e-81,1.938343740012592e-34,1.576417489504642e-58,5.423821634142768e-13,0.9242567579877525,1.9649285082733298e-63,1.664751480453067e-87
Smart_Heuristic,5.772882263964572e-40,1.4937022378876837e-18,2.9123907196984887e-35,1.2528389484732161e-58,1.0,2.7076597567553455e-69,4.0145433435464696e-104,0.9998205242139153,3.4013635262133463e-105,6.304911747797337e-63,1.0309277322392675e-24,8.857693830659122e-108
PPO,3.9589212593071823e-78,5.417782173937493e-77,6.300231760776308e-54,7.841783723316488e-81,2.7076597567553455e-69,1.0,2.9739393726431944e-106,1.1302072585958263e-68,5.988858342672282e-119,4.1915747509848204e-85,1.947366472578794e-56,0.0003102718685673351
Random_Wrapped,0.5745795325063573,2.4193303134466914e-106,5.459666894026764e-20,1.938343740012592e-34,4.0145433435464696e-104,2.9739393726431944e-106,1.0,9.992603314231359e-101,2.1179368456416866e-82,2.1096616493359948e-37,2.8637221040527577e-114,5.363318020499858e-140
Always_Sleep_Wrapped,1.1852674523817181e-39,4.5484220200098634e-15,3.102386523054131e-35,1.576417489504642e-58,0.9998205242139153,1.1302072585958263e-68,9.992603314231359e-101,1.0,5.748694104801678e-105,8.298074213416573e-63,1.1304239044715222e-22,2.804735745579241e-106
Max_Throughput_Wrapped,8.579833596056367e-70,1.6837869189139652e-103,2.045331071901699e-05,5.423821634142768e-13,3.4013635262133463e-105,5.988858342672282e-119,2.1179368456416866e-82,5.748694104801678e-105,1.0,2.927934474544875e-14,3.790509698878194e-109,8.469614566107576e-128
Battery_Threshold_Wrapped,2.179158866957073e-31,1.7807292182137254e-60,0.3279230289960181,0.9242567579877525,6.304911747797337e-63,4.1915747509848204e-85,2.1096616493359948e-37,8.298074213416573e-63,2.927934474544875e-14,1.0,6.9411052926065255e-68,2.4834861438255443e-92
Smart_Heuristic_Wrapped,2.952865780152995e-50,9.58381398834308e-57,1.0614998822395221e-38,1.9649285082733298e-63,1.0309277322392675e-24,1.947366472578794e-56,2.8637221040527577e-114,1.1304239044715222e-22,3.790509698878194e-109,6.9411052926065255e-68,1.0,3.578677478643935e-93
PPO_Wrapped,9.681918400422907e-94,2.5071854334477562e-118,7.264166650492035e-58,1.664751480453067e-87,8.857693830659122e-108,0.0003102718685673351,5.363318020499858e-140,2.804735745579241e-106,8.469614566107576e-128,2.4834861438255443e-92,3.578677478643935e-93,1.0
